<application>
  <component name="LuaCheckSettings">
    <option name="luaCheck" value="$USER_HOME$/luarocks-3.5.0/lua_modules/bin/luacheck" />
    <option name="luaCheckArgs" value="--ignore 113 631" />
  </component>
  <component name="LuaSettings">
    <option name="additionalSourcesRoot">
      <array>
        <option value="$USER_HOME$/Documents/Git/Soul Of Hero/Assets/GameAssets/Luas" />
      </array>
    </option>
    <option name="enableGeneric" value="true" />
    <option name="enforceTypeSafety" value="true" />
    <option name="nilStrict" value="true" />
    <option name="strictDoc" value="true" />
  </component>
</application>